;;Vanderbilt;;;;;CIT;;;
nom lignée;nom dataset;Sample Name Vanderbilt;Sample Name CIT;Subtype;Correlation;p.value;citbcmst;citbcmst.mixed;citbcmst.core;citbcmst.confidence
BT20;Astrazenca;GSM1374406_Bx051b_005_HG2.CEL.gz;GSM1374406_Bx051b_005_HG2.CEL.gz;UNS;NA;NA;mApo;mApo;NA;MIXED
BT20;Astrazenca;GSM1374407_EA08079_80498_BT.20.CEL.gz;GSM1374407_EA08079_80498_BT-20.CEL.gz;BL2;0,218;0,002;basL;basL;NA;OUTLIER
BT474;Astrazenca;GSM1374408_Bx051b_035_HG2.CEL.gz;GSM1374408_Bx051b_035_HG2.CEL.gz;ER positive;;;lumB;lumB;NA;OUTLIER
BT474;Astrazenca;GSM1374409_BT474_ap071105.CEL.gz;GSM1374409_BT474_ap071105.CEL.gz;ER positive;;;lumB;lumB;NA;OUTLIER
BT474;Astrazenca;GSM1374410_EA08079_80494_BT.474.CEL.gz;GSM1374410_EA08079_80494_BT-474.CEL.gz;ER positive;;;lumB;lumB;NA;OUTLIER
BT474C1;Astrazenca;GSM1374411_BT474C_ap071105.CEL.gz;GSM1374411_BT474C_ap071105.CEL.gz;ER positive;;;mApo;mApo;NA;OUTLIER
BT549;Astrazenca;GSM1374412_Bx051b_011_HG2.CEL.gz;GSM1374412_Bx051b_011_HG2.CEL.gz;BL2;0,233;0,002;basL;basL;NA;OUTLIER
BT549;Astrazenca;GSM1374413_EA08079_80502_BT.549.CEL.gz;GSM1374413_EA08079_80502_BT-549.CEL.gz;UNS;NA;NA;basL;basL;NA;OUTLIER
CAL51;Astrazenca;GSM1374429_Bx051b_058_HG2.CEL.gz;GSM1374429_Bx051b_058_HG2.CEL.gz;M;0,334;<0.001;basL;basL;NA;OUTLIER
CAMA1;Astrazenca;GSM1374437_EA08079_80510_CAMA.1.CEL.gz;GSM1374437_EA08079_80510_CAMA-1.CEL.gz;ER positive;;;lumB;lumB;NA;OUTLIER
EVSAT;Astrazenca;GSM1374477_A1631.01.CEL.gz;GSM1374477_A1631-01.CEL.gz;LAR;0,358;<0.001;mApo;mApo;NA;OUTLIER
HCC1143;Astrazenca;GSM1374493_Bx051b_054_HG2.CEL.gz;GSM1374493_Bx051b_054_HG2.CEL.gz;UNS;NA;NA;basL;basL;NA;OUTLIER
HCC1187;Astrazenca;GSM1374494_Bx051b_010_HG2.CEL.gz;GSM1374494_Bx051b_010_HG2.CEL.gz;BL1;0,159;0,034;basL;basL;NA;OUTLIER
HCC1187;Astrazenca;GSM1374495_EA08079_80499_HCC1187.CEL.gz;GSM1374495_EA08079_80499_HCC1187.CEL.gz;UNS;NA;NA;basL;basL;NA;OUTLIER
HCC1395;Astrazenca;GSM1374496_Bx051b_015_HG2.CEL.gz;GSM1374496_Bx051b_015_HG2.CEL.gz;M;0,269;<0.001;basL;basL;NA;OUTLIER
HCC1395;Astrazenca;GSM1374497_EA08079_80506_HCC1395.CEL.gz;GSM1374497_EA08079_80506_HCC1395.CEL.gz;M;0,306;<0.001;basL;basL;NA;OUTLIER
HCC1419;Astrazenca;GSM1374498_EA08079_80496_HCC1419.CEL.gz;GSM1374498_EA08079_80496_HCC1419.CEL.gz;ER positive;;;lumB;lumB;NA;OUTLIER
HCC1500;Astrazenca;GSM1374500_EA08079_80511_HCC1500.CEL.gz;GSM1374500_EA08079_80511_HCC1500.CEL.gz;ER positive;;;lumB;lumB;NA;OUTLIER
HCC1569;Astrazenca;GSM1374501_Bx051b_081_HG2.CEL.gz;GSM1374501_Bx051b_081_HG2.CEL.gz;BL1;0,493;<0.001;basL;basL;NA;OUTLIER
HCC1569;Astrazenca;GSM1374502_EA08079_81807_HCC1569.CEL.gz;GSM1374502_EA08079_81807_HCC1569.CEL.gz;BL1;0,526;<0.001;basL;basL;NA;OUTLIER
HCC1806;Astrazenca;GSM1374504_Bx051b_022_HG2.CEL.gz;GSM1374504_Bx051b_022_HG2.CEL.gz;BL2;0,307;<0.001;basL;basL;NA;OUTLIER
HCC1806;Astrazenca;GSM1374505_EA08079_80500_HCC1806.CEL.gz;GSM1374505_EA08079_80500_HCC1806.CEL.gz;BL2;0,375;<0.001;basL;basL;NA;OUTLIER
HCC1937;Astrazenca;GSM1374506_Bx051b_040_HG2.CEL.gz;GSM1374506_Bx051b_040_HG2.CEL.gz;BL2;0,316;<0.001;basL;basL;NA;OUTLIER
HCC1937;Astrazenca;GSM1374507_EA08079_80503_HCC1937.CEL.gz;GSM1374507_EA08079_80503_HCC1937.CEL.gz;BL2;0,268;0,001;basL;basL;NA;OUTLIER
HCC1954;Astrazenca;GSM1374508_Bx051b_088_HG2.CEL.gz;GSM1374508_Bx051b_088_HG2.CEL.gz;BL2;0,432;<0.001;mApo;mApo;NA;OUTLIER
HCC1954;Astrazenca;GSM1374509_EA08079_80491_HCC1954.CEL.gz;GSM1374509_EA08079_80491_HCC1954.CEL.gz;BL2;0,364;<0.001;mApo;mApo;NA;OUTLIER
HCC202;Astrazenca;GSM1374510_EA08079_80497_HCC202.CEL.gz;GSM1374510_EA08079_80497_HCC202.CEL.gz;LAR;0,355;<0.001;mApo;mApo;NA;OUTLIER
HCC38;Astrazenca;GSM1374511_Bx051b_013_HG2.CEL.gz;GSM1374511_Bx051b_013_HG2.CEL.gz;M;0,391;<0.001;basL;basL;NA;OUTLIER
HCC70;Astrazenca;GSM1374512_A1631.02.CEL.gz;GSM1374512_A1631-02.CEL.gz;BL2;0,387;<0.001;basL;basL;NA;OUTLIER
HS578T;Astrazenca;GSM1374549_Bx051b_041_HG2.CEL.gz;GSM1374549_Bx051b_041_HG2.CEL.gz;MSL;0,349;<0.001;basL;basL;NA;OUTLIER
HS578T;Astrazenca;GSM1374550_Hs578T.CEL.gz;GSM1374550_Hs578T.CEL.gz;MSL;0,346;<0.001;basL;basL;NA;OUTLIER
JIMT1;Astrazenca;GSM1374578_EA08079_80514_JIMT.1.CEL.gz;GSM1374578_EA08079_80514_JIMT-1.CEL.gz;UNS;NA;NA;basL;basL;NA;OUTLIER
KPL1;Astrazenca;GSM1374603_A1631.05.CEL.gz;GSM1374603_A1631-05.CEL.gz;ER positive;;;lumB;lumB;NA;OUTLIER
KPL4;Astrazenca;GSM1374604_A1631.06.CEL.gz;GSM1374604_A1631-06.CEL.gz;LAR;0,187;<0.001;mApo;mApo;NA;OUTLIER
MCF7;Astrazenca;GSM1374643_Bx051b_020_HG2.CEL.gz;GSM1374643_Bx051b_020_HG2.CEL.gz;ER positive;;;lumB;lumB;NA;OUTLIER
MCF7;Astrazenca;GSM1374644_MCF7.CEL.gz;GSM1374644_MCF7.CEL.gz;ER positive;;;lumB;lumB;NA;OUTLIER
MCF7;Astrazenca;GSM1374645_EA08079_80507_MCF7.CEL.gz;GSM1374645_EA08079_80507_MCF7.CEL.gz;ER positive;;;lumB;lumB;NA;OUTLIER
MCF7MDRPOS;Astrazenca;GSM1374646_MCF7.mdf.CEL.gz;GSM1374646_MCF7-mdf+.CEL.gz;MSL;0,157;<0.001;basL;basL;NA;OUTLIER
MDAMB134VI;Astrazenca;GSM1374647_A1631.03.CEL.gz;GSM1374647_A1631-03.CEL.gz;ER positive;;;lumB;lumB;NA;OUTLIER
MDAMB157;Astrazenca;GSM1374648_MDA.MB.157.CEL.gz;GSM1374648_MDA-MB-157.CEL.gz;MSL;0,134;<0.001;basL;basL;NA;OUTLIER
MDAMB157;Astrazenca;GSM1374649_EA08079_80501_MDAMB157.CEL.gz;GSM1374649_EA08079_80501_MDAMB157.CEL.gz;MSL;0,239;<0.001;basL;basL;NA;OUTLIER
MDAMB175;Astrazenca;GSM1374650_EA08079_80512_MDAMB175.CEL.gz;GSM1374650_EA08079_80512_MDAMB175.CEL.gz;ER positive;;;lumB;lumB;NA;OUTLIER
MDAMB231;Astrazenca;GSM1374651_Bx051b_048_HG2.CEL.gz;GSM1374651_Bx051b_048_HG2.CEL.gz;MSL;0,119;<0.001;basL;basL;NA;OUTLIER
MDAMB231;Astrazenca;GSM1374652_MDA.MB.231.CEL.gz;GSM1374652_MDA-MB-231.CEL.gz;UNS;NA;NA;basL;basL;NA;OUTLIER
MDAMB361;Astrazenca;GSM1374653_Bx051b_101_HG2.CEL.gz;GSM1374653_Bx051b_101_HG2.CEL.gz;ER positive;;;lumB;lumB;NA;OUTLIER
MDAMB361;Astrazenca;GSM1374654_MDAMB_361_ghp071105.CEL.gz;GSM1374654_MDAMB_361_ghp071105.CEL.gz;ER positive;;;lumB;lumB;NA;OUTLIER
MDAMB361;Astrazenca;GSM1374655_EA08079_80495_MDAMB361.CEL.gz;GSM1374655_EA08079_80495_MDAMB361.CEL.gz;ER positive;;;lumB;lumB;NA;OUTLIER
MDAMB415;Astrazenca;GSM1374656_A1631.04.CEL.gz;GSM1374656_A1631-04.CEL.gz;ER positive;;;lumB;lumBC;NA;MIXED
MDAMB435S;Astrazenca;GSM1374657_Bx051b_050_HG2.CEL.gz;GSM1374657_Bx051b_050_HG2.CEL.gz;UNS;NA;NA;basL;basL;NA;OUTLIER
MDAMB436;Astrazenca;GSM1374658_Bx051b_023_HG2.CEL.gz;GSM1374658_Bx051b_023_HG2.CEL.gz;UNS;NA;NA;basL;basL;NA;OUTLIER
MDAMB436;Astrazenca;GSM1374659_EA08079_80504_MDAMB436.CEL.gz;GSM1374659_EA08079_80504_MDAMB436.CEL.gz;UNS;NA;NA;basL;basL;NA;OUTLIER
MDAMB453;Astrazenca;GSM1374660_Bx051b_038_HG2.CEL.gz;GSM1374660_Bx051b_038_HG2.CEL.gz;LAR;0,49;<0.001;lumB;lumB;NA;OUTLIER
MDAMB453;Astrazenca;GSM1374661_MDA.MB.453.CEL.gz;GSM1374661_MDA-MB-453.CEL.gz;LAR;0,391;<0.001;lumB;mApolumB;NA;MIXED
MDAMB453;Astrazenca;GSM1374662_EA08079_80493_MDAMB453.CEL.gz;GSM1374662_EA08079_80493_MDAMB453.CEL.gz;LAR;0,391;<0.001;mApo;mApolumB;NA;MIXED
MDAMB468;Astrazenca;GSM1374663_Bx051b_104_HG2.CEL.gz;GSM1374663_Bx051b_104_HG2.CEL.gz;BL1;0,242;0,007;basL;basL;NA;OUTLIER
MDAMB468;Astrazenca;GSM1374664_MDAMB_468_ghp101105.CEL.gz;GSM1374664_MDAMB_468_ghp101105.CEL.gz;UNS;NA;NA;mApo;basLmApo;NA;MIXED
MDAMB468;Astrazenca;GSM1374665_EA08079_80505_MDAMB468.CEL.gz;GSM1374665_EA08079_80505_MDAMB468.CEL.gz;LAR;0,138;<0.001;mApo;mApo;NA;OUTLIER
SKBR3;Astrazenca;GSM1374872_Bx051b_036_HG2.CEL.gz;GSM1374872_Bx051b_036_HG2.CEL.gz;LAR;0,33;<0.001;mApo;mApo;NA;OUTLIER
SKBR3;Astrazenca;GSM1374873_SkBr3.CEL.gz;GSM1374873_SkBr3.CEL.gz;LAR;0,301;<0.001;mApo;mApo;NA;OUTLIER
SKBR3;Astrazenca;GSM1374874_EA08079_80492_SK.BR.3.CEL.gz;GSM1374874_EA08079_80492_SK-BR-3.CEL.gz;LAR;0,356;<0.001;mApo;mApo;NA;OUTLIER
SUM1315MO2;Astrazenca;GSM1374910_Bx051b_063_HG2.CEL.gz;GSM1374910_Bx051b_063_HG2.CEL.gz;MSL;0,216;0,001;basL;basL;NA;OUTLIER
SUM149PT;Astrazenca;GSM1374911_Bx051b_079_HG2.CEL.gz;GSM1374911_Bx051b_079_HG2.CEL.gz;BL2;0,216;<0.001;basL;basL;NA;OUTLIER
SUM52PE;Astrazenca;GSM1374912_EA08079_80513_SUM52PE.CEL.gz;GSM1374912_EA08079_80513_SUM52PE.CEL.gz;LAR;0,415;<0.001;mApo;mApo;NA;OUTLIER
T47D;Astrazenca;GSM1374950_Bx051b_019_HG2.CEL.gz;GSM1374950_Bx051b_019_HG2.CEL.gz;ER positive;;;lumB;lumB;NA;OUTLIER
T47D;Astrazenca;GSM1374951_T47D.CEL.gz;GSM1374951_T47D.CEL.gz;ER positive;;;lumB;lumB;NA;OUTLIER
T47D;Astrazenca;GSM1374952_EA08079_80508_T.47D.CEL.gz;GSM1374952_EA08079_80508_T-47D.CEL.gz;ER positive;;;lumB;lumB;NA;OUTLIER
ZR751;Astrazenca;GSM1374993_Bx051b_030_HG2.CEL.gz;GSM1374993_Bx051b_030_HG2.CEL.gz;ER positive;;;lumB;lumB;NA;OUTLIER
ZR751;Astrazenca;GSM1374994_ZR.75.1.CEL.gz;GSM1374994_ZR-75-1.CEL.gz;BL2;0,119;0,016;basL;basL;NA;OUTLIER
ZR751;Astrazenca;GSM1374995_EA08079_80509_ZR.75.1.CEL.gz;GSM1374995_EA08079_80509_ZR-75-1.CEL.gz;ER positive;;;lumB;lumB;NA;OUTLIER
HCC2157;CCLE13;AGENT_p_NCLE_RNA6_HG.U133_Plus_2_B01_436616.CEL;AGENT_p_NCLE_RNA6_HG-U133_Plus_2_B01_436616.CEL;BL1;0,665;<0.001;basL;basL;NA;OUTLIER
Hs739.T;CCLE13;AGENT_p_NCLE_RNA6_HG.U133_Plus_2_E11_436480.CEL;AGENT_p_NCLE_RNA6_HG-U133_Plus_2_E11_436480.CEL;MSL;0,488;0,009;basL;basL;NA;OUTLIER
HCC38;CCLE13;AGENT_p_NCLE_RNA6_HG.U133_Plus_2_F09_436452.CEL;AGENT_p_NCLE_RNA6_HG-U133_Plus_2_F09_436452.CEL;M;0,293;<0.001;basL;basL;NA;OUTLIER
DU4475;CCLE13;AGENT_p_NCLE_RNA6_HG.U133_Plus_2_F10_436454.CEL;AGENT_p_NCLE_RNA6_HG-U133_Plus_2_F10_436454.CEL;IM;0,178;<0.001;basL;basL;NA;OUTLIER
MDAMB175VII;CCLE13;AGENT_p_NCLE_RNA6_HG.U133_Plus_2_G03_436510.CEL;AGENT_p_NCLE_RNA6_HG-U133_Plus_2_G03_436510.CEL;ER positive;;;lumB;lumB;NA;OUTLIER
YMB1;CCLE13;AGENT_p_NCLE_RNA6_HG.U133_Plus_2_H01_436482.CEL;AGENT_p_NCLE_RNA6_HG-U133_Plus_2_H01_436482.CEL;LAR;0,48;<0.001;lumB;lumB;NA;OUTLIER
T47D;CCLE13;AGENT_p_NCLE_RNA6_HG.U133_Plus_2_H12_436432.CEL;AGENT_p_NCLE_RNA6_HG-U133_Plus_2_H12_436432.CEL;ER positive;;;lumB;lumB;NA;OUTLIER
Hs742.T;CCLE13;BITTS_p_NCLE_RNA12_HG.U133_Plus_2_A01_698800.CEL;BITTS_p_NCLE_RNA12_HG-U133_Plus_2_A01_698800.CEL;MSL;0,464;0,046;basL;basLmApo;NA;MIXED
KPL1;CCLE13;BITTS_p_NCLE_RNA12_HG.U133_Plus_2_A12_698746.CEL;BITTS_p_NCLE_RNA12_HG-U133_Plus_2_A12_698746.CEL;ER positive;;;lumB;lumB;NA;OUTLIER
MDAMB231;CCLE13;BRAKE_p_NCLE_RNA2_HG.U133_Plus_2_A01_241042.CEL;BRAKE_p_NCLE_RNA2_HG-U133_Plus_2_A01_241042.CEL;UNS;NA;NA;basL;basL;NA;OUTLIER
HCC2218;CCLE13;BUNDS_p_NCLE_RNA5_HG.U133_Plus_2_B03_419876.CEL;BUNDS_p_NCLE_RNA5_HG-U133_Plus_2_B03_419876.CEL;LAR;0,43;<0.001;lumB;lumB;NA;OUTLIER
HCC1954;CCLE13;BUNDS_p_NCLE_RNA5_HG.U133_Plus_2_F08_419788.CEL;BUNDS_p_NCLE_RNA5_HG-U133_Plus_2_F08_419788.CEL;BL2;0,359;<0.001;mApo;mApo;NA;OUTLIER
CAMA1;CCLE13;BUNDS_p_NCLE_RNA5_HG.U133_Plus_2_F09_419786.CEL;BUNDS_p_NCLE_RNA5_HG-U133_Plus_2_F09_419786.CEL;ER positive;;;lumB;lumB;NA;OUTLIER
HMC18;CCLE13;BUNDS_p_NCLE_RNA5_HG.U133_Plus_2_H08_419840.CEL;BUNDS_p_NCLE_RNA5_HG-U133_Plus_2_H08_419840.CEL;UNS;NA;NA;basL;basL;NA;OUTLIER
AU565;CCLE13;CASED_p_NCLE_RNA4_HG.U133_Plus_2_B02_383772.CEL;CASED_p_NCLE_RNA4_HG-U133_Plus_2_B02_383772.CEL;LAR;0,422;<0.001;mApo;mApo;NA;OUTLIER
Hs578T;CCLE13;CASED_p_NCLE_RNA4_HG.U133_Plus_2_C01_383628.CEL;CASED_p_NCLE_RNA4_HG-U133_Plus_2_C01_383628.CEL;UNS;NA;NA;basL;basL;NA;OUTLIER
BT20;CCLE13;CASED_p_NCLE_RNA4_HG.U133_Plus_2_C02_383640.CEL;CASED_p_NCLE_RNA4_HG-U133_Plus_2_C02_383640.CEL;BL2;0,19;0,01;basL;basL;NA;OUTLIER
MDAMB361;CCLE13;CASED_p_NCLE_RNA4_HG.U133_Plus_2_C08_383600.CEL;CASED_p_NCLE_RNA4_HG-U133_Plus_2_C08_383600.CEL;ER positive;;;lumB;lumB;NA;OUTLIER
MDAMB436;CCLE13;CASED_p_NCLE_RNA4_HG.U133_Plus_2_C09_383596.CEL;CASED_p_NCLE_RNA4_HG-U133_Plus_2_C09_383596.CEL;BL2;0,161;0,039;basL;basL;NA;OUTLIER
SKBR3;CCLE13;CASED_p_NCLE_RNA4_HG.U133_Plus_2_D06_383700.CEL;CASED_p_NCLE_RNA4_HG-U133_Plus_2_D06_383700.CEL;LAR;0,36;<0.001;mApo;mApo;NA;OUTLIER
HCC1143;CCLE13;CASED_p_NCLE_RNA4_HG.U133_Plus_2_E02_383668.CEL;CASED_p_NCLE_RNA4_HG-U133_Plus_2_E02_383668.CEL;BL1;0,297;<0.001;basL;basL;NA;OUTLIER
HCC1937;CCLE13;CASED_p_NCLE_RNA4_HG.U133_Plus_2_E05_383680.CEL;CASED_p_NCLE_RNA4_HG-U133_Plus_2_E05_383680.CEL;BL1;0,253;<0.001;basL;basL;NA;OUTLIER
HCC1569;CCLE13;CASED_p_NCLE_RNA4_HG.U133_Plus_2_E06_383684.CEL;CASED_p_NCLE_RNA4_HG-U133_Plus_2_E06_383684.CEL;BL1;0,56;<0.001;basL;basL;NA;OUTLIER
HCC1395;CCLE13;CASED_p_NCLE_RNA4_HG.U133_Plus_2_E12_383706.CEL;CASED_p_NCLE_RNA4_HG-U133_Plus_2_E12_383706.CEL;UNS;NA;NA;basL;basL;NA;OUTLIER
HCC1187;CCLE13;CASED_p_NCLE_RNA4_HG.U133_Plus_2_G09_383594.CEL;CASED_p_NCLE_RNA4_HG-U133_Plus_2_G09_383594.CEL;UNS;NA;NA;basL;basL;NA;OUTLIER
ZR751;CCLE13;MAKER_p_NCLE_RNA7_HG.U133_Plus_2_C04_454614.CEL;MAKER_p_NCLE_RNA7_HG-U133_Plus_2_C04_454614.CEL;ER positive;;;lumB;lumB;NA;OUTLIER
HCC70;CCLE13;MAKER_p_NCLE_RNA7_HG.U133_Plus_2_C07_454622.CEL;MAKER_p_NCLE_RNA7_HG-U133_Plus_2_C07_454622.CEL;BL2;0,371;<0.001;basL;basL;NA;OUTLIER
MCF7;CCLE13;MAKER_p_NCLE_RNA7_HG.U133_Plus_2_G05_454738.CEL;MAKER_p_NCLE_RNA7_HG-U133_Plus_2_G05_454738.CEL;ER positive;;;lumB;lumB;NA;OUTLIER
HCC202;CCLE13;MAKER_p_NCLE_RNA7_HG.U133_Plus_2_G10_454732.CEL;MAKER_p_NCLE_RNA7_HG-U133_Plus_2_G10_454732.CEL;LAR;0,408;<0.001;mApo;mApo;NA;OUTLIER
MDAMB157;CCLE13;MAKER_p_NCLE_RNA7_HG.U133_Plus_2_H12_454750.CEL;MAKER_p_NCLE_RNA7_HG-U133_Plus_2_H12_454750.CEL;MSL;0,21;<0.001;basL;basL;NA;OUTLIER
EFM192A;CCLE13;METIS_p_NCLE_RNA1_Human_U133_Plus_2.0_B11_240894.CEL;METIS_p_NCLE_RNA1_Human_U133_Plus_2.0_B11_240894.CEL;ER positive;;;lumB;lumB;NA;OUTLIER
EVSAT;CCLE13;METIS_p_NCLE_RNA1_Human_U133_Plus_2.0_D05_240930.CEL;METIS_p_NCLE_RNA1_Human_U133_Plus_2.0_D05_240930.CEL;LAR;0,407;<0.001;mApo;mApo;NA;OUTLIER
MDAMB453;CCLE13;METIS_p_NCLE_RNA1_Human_U133_Plus_2.0_H10_241036.CEL;METIS_p_NCLE_RNA1_Human_U133_Plus_2.0_H10_241036.CEL;LAR;0,399;<0.001;mApo;mApo;NA;OUTLIER
EFM19;CCLE13;NIECE_p_NCLE_RNA3_HG.U133_Plus_2_A05_295998.CEL;NIECE_p_NCLE_RNA3_HG-U133_Plus_2_A05_295998.CEL;ER positive;;;lumB;lumB;NA;OUTLIER
BT474;CCLE13;NIECE_p_NCLE_RNA3_HG.U133_Plus_2_E07_296098.CEL;NIECE_p_NCLE_RNA3_HG-U133_Plus_2_E07_296098.CEL;ER positive;;;lumB;lumB;NA;OUTLIER
Hs606.T;CCLE13;NIECE_p_NCLE_RNA3_HG.U133_Plus_2_H08_296172.CEL;NIECE_p_NCLE_RNA3_HG-U133_Plus_2_H08_296172.CEL;MSL;0,481;0,007;basL;basL;NA;OUTLIER
MDAMB415;CCLE13;NIECE_p_NCLE_RNA3_HG.U133_Plus_2_H09_296174.CEL;NIECE_p_NCLE_RNA3_HG-U133_Plus_2_H09_296174.CEL;ER positive;;;lumB;lumB;NA;OUTLIER
MDAMB468;CCLE13;PARES_p_NCLE_RNA_Redo_HG.U133_Plus_2_A02_257600.CEL;PARES_p_NCLE_RNA_Redo_HG-U133_Plus_2_A02_257600.CEL;UNS;NA;NA;basL;basL;NA;OUTLIER
BT549;CCLE13;PARES_p_NCLE_RNA_Redo_HG.U133_Plus_2_A09_257614.CEL;PARES_p_NCLE_RNA_Redo_HG-U133_Plus_2_A09_257614.CEL;UNS;NA;NA;basL;basL;NA;OUTLIER
CAL851;CCLE13;PARES_p_NCLE_RNA_Redo_HG.U133_Plus_2_A11_257618.CEL;PARES_p_NCLE_RNA_Redo_HG-U133_Plus_2_A11_257618.CEL;BL2;0,222;0,007;basL;basL;NA;OUTLIER
HMEL;CCLE13;RILLS_p_AchillesExp_Mar2011_1_HG.U133_Plus_2_A04_767910.CEL;RILLS_p_AchillesExp_Mar2011_1_HG-U133_Plus_2_A04_767910.CEL;BL2;0,299;<0.001;basL;basL;NA;OUTLIER
HCC1806;CCLE13;SILOS_p_NCLE_RNA9_HG.U133_Plus_2_A05_523512.CEL;SILOS_p_NCLE_RNA9_HG-U133_Plus_2_A05_523512.CEL;BL2;0,198;<0.001;basL;basL;NA;OUTLIER
UACC812;CCLE13;SILOS_p_NCLE_RNA9_HG.U133_Plus_2_C01_523502.CEL;SILOS_p_NCLE_RNA9_HG-U133_Plus_2_C01_523502.CEL;ER positive;;;lumB;lumB;NA;OUTLIER
CAL148;CCLE13;SILOS_p_NCLE_RNA9_HG.U133_Plus_2_D02_523558.CEL;SILOS_p_NCLE_RNA9_HG-U133_Plus_2_D02_523558.CEL;LAR;0,282;<0.001;mApo;mApo;NA;OUTLIER
MDAMB134VI;CCLE13;SILOS_p_NCLE_RNA9_HG.U133_Plus_2_D08_523486.CEL;SILOS_p_NCLE_RNA9_HG-U133_Plus_2_D08_523486.CEL;ER positive;;;lumB;lumB;NA;OUTLIER
HCC1500;CCLE13;SILOS_p_NCLE_RNA9_HG.U133_Plus_2_D09_523496.CEL;SILOS_p_NCLE_RNA9_HG-U133_Plus_2_D09_523496.CEL;ER positive;;;lumB;lumB;NA;OUTLIER
HCC1599;CCLE13;SILOS_p_NCLE_RNA9_HG.U133_Plus_2_D10_523634.CEL;SILOS_p_NCLE_RNA9_HG-U133_Plus_2_D10_523634.CEL;BL1;0,531;<0.001;basL;basL;NA;OUTLIER
UACC893;CCLE13;SILOS_p_NCLE_RNA9_HG.U133_Plus_2_E11_523470.CEL;SILOS_p_NCLE_RNA9_HG-U133_Plus_2_E11_523470.CEL;LAR;0,407;<0.001;mApo;mApo;NA;OUTLIER
HDQP1;CCLE13;SILOS_p_NCLE_RNA9_HG.U133_Plus_2_H05_523478.CEL;SILOS_p_NCLE_RNA9_HG-U133_Plus_2_H05_523478.CEL;BL2;0,241;0,001;basL;basL;NA;OUTLIER
HCC1419;CCLE13;WATCH_p_NCLE_RNA8_HG.U133_Plus_2_A07_474600.CEL;WATCH_p_NCLE_RNA8_HG-U133_Plus_2_A07_474600.CEL;ER positive;;;lumB;lumB;NA;OUTLIER
BT483;CCLE13;WATCH_p_NCLE_RNA8_HG.U133_Plus_2_A08_474686.CEL;WATCH_p_NCLE_RNA8_HG-U133_Plus_2_A08_474686.CEL;ER positive;;;lumB;lumB;NA;OUTLIER
Hs281.T;CCLE13;WATCH_p_NCLE_RNA8_HG.U133_Plus_2_A09_474590.CEL;WATCH_p_NCLE_RNA8_HG-U133_Plus_2_A09_474590.CEL;MSL;0,442;0,001;basL;basL;NA;OUTLIER
HCC1428;CCLE13;WATCH_p_NCLE_RNA8_HG.U133_Plus_2_A12_474732.CEL;WATCH_p_NCLE_RNA8_HG-U133_Plus_2_A12_474732.CEL;ER positive;;;lumB;lumB;NA;OUTLIER
Hs274.T;CCLE13;WATCH_p_NCLE_RNA8_HG.U133_Plus_2_B05_474706.CEL;WATCH_p_NCLE_RNA8_HG-U133_Plus_2_B05_474706.CEL;MSL;0,52;<0.001;basL;basL;NA;OUTLIER
ZR7530;CCLE13;WATCH_p_NCLE_RNA8_HG.U133_Plus_2_B07_474632.CEL;WATCH_p_NCLE_RNA8_HG-U133_Plus_2_B07_474632.CEL;ER positive;;;lumB;lumB;NA;OUTLIER
Hs343.T;CCLE13;WATCH_p_NCLE_RNA8_HG.U133_Plus_2_D01_474640.CEL;WATCH_p_NCLE_RNA8_HG-U133_Plus_2_D01_474640.CEL;MSL;0,453;<0.001;basL;basL;NA;OUTLIER
CAL51;CCLE13;WATCH_p_NCLE_RNA8_HG.U133_Plus_2_F02_474714.CEL;WATCH_p_NCLE_RNA8_HG-U133_Plus_2_F02_474714.CEL;M;0,284;<0.001;basL;basL;NA;OUTLIER
CAL120;CCLE13;WATCH_p_NCLE_RNA8_HG.U133_Plus_2_H01_474610.CEL;WATCH_p_NCLE_RNA8_HG-U133_Plus_2_H01_474610.CEL;M;0,199;<0.001;basL;basL;NA;OUTLIER
JIMT1;CCLE13;WATCH_p_NCLE_RNA8_HG.U133_Plus_2_H09_474734.CEL;WATCH_p_NCLE_RNA8_HG-U133_Plus_2_H09_474734.CEL;BL2;0,177;0,009;basL;basL;NA;OUTLIER
T47D;Charafe06;041004.01.CEL;041004-01.CEL;ER positive;;;lumB;lumB;NA;OUTLIER
ZR751;Charafe06;041004.02.CEL;041004-02.CEL;ER positive;;;lumB;lumB;NA;OUTLIER
MDAMB157;Charafe06;041004.03s2.CEL;041004-03s2.CEL;MSL;0,363;<0.001;basL;basL;NA;OUTLIER
HCC1937;Charafe06;041004.04.CEL;041004-04.CEL;UNS;NA;NA;basL;basL;NA;OUTLIER
HCC1500;Charafe06;041004.05.CEL;041004-05.CEL;ER positive;;;lumB;lumB;NA;OUTLIER
SUM52;Charafe06;041004.06.CEL;041004-06.CEL;LAR;0,384;<0.001;mApo;mApo;NA;OUTLIER
MDAMB453;Charafe06;041004.07.CEL;041004-07.CEL;LAR;0,369;<0.001;mApo;mApolumBC;NA;MIXED
HME1;Charafe06;041004.08.CEL;041004-08.CEL;BL2;0,294;0,002;basL;basL;NA;OUTLIER
MCF7;Charafe06;041004.09.CEL;041004-09.CEL;ER positive;;;lumB;lumB;NA;OUTLIER
SKBR3;Charafe06;041004.10.CEL;041004-10.CEL;LAR;0,384;<0.001;mApo;mApo;NA;OUTLIER
UACC812;Charafe06;041004.11.CEL;041004-11.CEL;ER positive;;;lumB;lumB;NA;OUTLIER
CAMA1;Charafe06;041004.12.CEL;041004-12.CEL;LAR;0,294;<0.001;lumB;lumB;NA;OUTLIER
ZR7530;Charafe06;041104.5.CEL;041104-5.CEL;ER positive;;;lumC;lumC;NA;OUTLIER
HCC1954;Charafe06;041104.6.CEL;041104-6.CEL;BL2;0,376;<0.001;mApo;mApo;NA;OUTLIER
SUM225;Charafe06;041104.7.CEL;041104-7.CEL;LAR;0,352;<0.001;mApo;mApo;NA;OUTLIER
SUM190;Charafe06;041104.8.CEL;041104-8.CEL;LAR;0,388;<0.001;mApo;mApo;NA;OUTLIER
MDAMB175;Charafe06;221004.1.CEL;221004-1.CEL;ER positive;;;lumB;lumB;NA;OUTLIER
S68;Charafe06;221004.2.CEL;221004-2.CEL;ER positive;;;lumB;lumBC;NA;MIXED
MDAMB231;Charafe06;221004.3.CEL;221004-3.CEL;IM;0,226;<0.001;basL;basL;NA;OUTLIER
MCF10A;Charafe06;221004.4.CEL;221004-4.CEL;BL2;0,342;<0.001;basL;basL;NA;OUTLIER
184B5;Charafe06;221004.5.CEL;221004-5.CEL;BL2;0,403;<0.001;basL;basL;NA;OUTLIER
SUM185;Charafe06;221004.6.CEL;221004-6.CEL;LAR;0,18;0,001;mApo;mApo;NA;OUTLIER
BT483;Charafe06;221004.7.CEL;221004-7.CEL;ER positive;;;lumB;lumB;NA;OUTLIER
BT20;Charafe06;221004.8.CEL;221004-8.CEL;LAR;0,162;0,005;mApo;mApo;NA;OUTLIER
BRCAMZ01;Charafe06;260105.01.CEL;260105-01.CEL;UNS;NA;NA;basL;basL;NA;OUTLIER
HCC38;Charafe06;260105.02.CEL;260105-02.CEL;M;0,426;<0.001;basL;basL;NA;OUTLIER
Hs578T;Charafe06;260105.03.CEL;260105-03.CEL;MSL;0,267;<0.001;basL;basL;NA;OUTLIER
SKBR7;Charafe06;260105.04.CEL;260105-04.CEL;M;0,298;<0.001;basL;basL;NA;OUTLIER
SUM149;Charafe06;260105.05.CEL;260105-05.CEL;BL2;0,257;<0.001;basL;basL;NA;OUTLIER
BT474;Charafe06;270904.1.CEL;270904-1.CEL;LAR;0,275;<0.001;lumB;lumBC;NA;MIXED
MDAMB134;Charafe06;270904.2.CEL;270904-2.CEL;ER positive;;;lumB;lumB;NA;OUTLIER
BT20;Deszo14;GSM1229992_CEL_284_4733_04_03_2012.CEL.gz;GSM1229992_CEL_284_4733_04_03_2012.CEL.gz;BL2;0,199;0,003;basL;basL;NA;OUTLIER
BT20;Deszo14;GSM1229993_CEL_284_4734_04_03_2012.CEL.gz;GSM1229993_CEL_284_4734_04_03_2012.CEL.gz;BL2;0,213;0,005;basL;basL;NA;OUTLIER
BT20;Deszo14;GSM1229994_CEL_284_4735_04_03_2012.CEL.gz;GSM1229994_CEL_284_4735_04_03_2012.CEL.gz;BL2;0,215;0,002;basL;basL;NA;OUTLIER
CAL51;Deszo14;GSM1230001_CEL_284_4742_04_03_2012_2.CEL.gz;GSM1230001_CEL_284_4742_04_03_2012_2.CEL.gz;M;0,309;<0.001;basL;basL;NA;OUTLIER
CAL51;Deszo14;GSM1230002_CEL_284_4743_04_03_2012.CEL.gz;GSM1230002_CEL_284_4743_04_03_2012.CEL.gz;M;0,305;<0.001;basL;basL;NA;OUTLIER
CAL51;Deszo14;GSM1230003_CEL_284_4744_04_03_2012.CEL.gz;GSM1230003_CEL_284_4744_04_03_2012.CEL.gz;M;0,323;<0.001;basL;basL;NA;OUTLIER
MDAMB436;Deszo14;GSM1230010_CEL_284_4751_04_03_2012.CEL.gz;GSM1230010_CEL_284_4751_04_03_2012.CEL.gz;MSL;0,135;<0.001;basL;basL;NA;OUTLIER
MDAMB436;Deszo14;GSM1230011_CEL_284_4752_04_03_2012.CEL.gz;GSM1230011_CEL_284_4752_04_03_2012.CEL.gz;MSL;0,144;<0.001;basL;basL;NA;OUTLIER
MDAMB436;Deszo14;GSM1230012_CEL_284_4753_04_03_2012.CEL.gz;GSM1230012_CEL_284_4753_04_03_2012.CEL.gz;MSL;0,161;<0.001;basL;basL;NA;OUTLIER
BT549;Deszo14;GSM1230019_CEL_284_4760_04_03_2012.CEL.gz;GSM1230019_CEL_284_4760_04_03_2012.CEL.gz;UNS;NA;NA;basL;basL;NA;OUTLIER
BT549;Deszo14;GSM1230020_CEL_284_4761_04_03_2012.CEL.gz;GSM1230020_CEL_284_4761_04_03_2012.CEL.gz;MSL;0,25;<0.001;basL;basL;NA;OUTLIER
BT549;Deszo14;GSM1230021_CEL_284_4762_04_03_2012.CEL.gz;GSM1230021_CEL_284_4762_04_03_2012.CEL.gz;M;0,251;<0.001;basL;basL;NA;OUTLIER
Hs578T;Deszo14;GSM1230028_CEL_284_4769_04_03_2012.CEL.gz;GSM1230028_CEL_284_4769_04_03_2012.CEL.gz;MSL;0,198;<0.001;basL;basL;NA;OUTLIER
Hs578T;Deszo14;GSM1230029_CEL_284_4770_04_03_2012.CEL.gz;GSM1230029_CEL_284_4770_04_03_2012.CEL.gz;MSL;0,182;<0.001;basL;basL;NA;OUTLIER
Hs578T;Deszo14;GSM1230030_CEL_284_4771_04_03_2012.CEL.gz;GSM1230030_CEL_284_4771_04_03_2012.CEL.gz;MSL;0,174;<0.001;basL;basL;NA;OUTLIER
ZRT;Deszo14;GSM1230037_CEL_284_4778_04_03_2012.CEL.gz;GSM1230037_CEL_284_4778_04_03_2012.CEL.gz;ER positive;;;lumB;lumB;NA;OUTLIER
ZRT;Deszo14;GSM1230038_CEL_284_4779_04_03_2012.CEL.gz;GSM1230038_CEL_284_4779_04_03_2012.CEL.gz;ER positive;;;lumB;lumB;NA;OUTLIER
T47D;Deszo14;GSM1230045_CEL_284_4786_04_03_2012.CEL.gz;GSM1230045_CEL_284_4786_04_03_2012.CEL.gz;ER positive;;;lumB;lumB;NA;OUTLIER
T47D;Deszo14;GSM1230046_CEL_284_4787_04_03_2012.CEL.gz;GSM1230046_CEL_284_4787_04_03_2012.CEL.gz;ER positive;;;lumB;lumB;NA;OUTLIER
T47D;Deszo14;GSM1230047_CEL_284_4788_04_03_2012.CEL.gz;GSM1230047_CEL_284_4788_04_03_2012.CEL.gz;ER positive;;;lumB;lumB;NA;OUTLIER
MCF7;Deszo14;GSM1230054_CEL_284_4795_04_03_2012.CEL.gz;GSM1230054_CEL_284_4795_04_03_2012.CEL.gz;UNS;NA;NA;basL;basL;NA;OUTLIER
MCF7;Deszo14;GSM1230055_CEL_284_4796_04_03_2012.CEL.gz;GSM1230055_CEL_284_4796_04_03_2012.CEL.gz;UNS;NA;NA;basL;basL;NA;OUTLIER
MCF7;Deszo14;GSM1230056_CEL_284_4797_04_03_2012.CEL.gz;GSM1230056_CEL_284_4797_04_03_2012.CEL.gz;UNS;NA;NA;basL;basL;NA;OUTLIER
HCC1954;Deszo14;GSM1230063_CEL_284_4804_04_03_2012.CEL.gz;GSM1230063_CEL_284_4804_04_03_2012.CEL.gz;BL2;0,312;<0.001;mApo;mApo;NA;OUTLIER
HCC1954;Deszo14;GSM1230064_CEL_284_4805_04_03_2012.CEL.gz;GSM1230064_CEL_284_4805_04_03_2012.CEL.gz;BL2;0,334;<0.001;mApo;mApo;NA;OUTLIER
HCC1954;Deszo14;GSM1230065_CEL_284_4806_04_03_2012.CEL.gz;GSM1230065_CEL_284_4806_04_03_2012.CEL.gz;BL2;0,329;<0.001;mApo;mApo;NA;OUTLIER
HCC1806;Deszo14;GSM1230072_CEL_284_4813_04_03_2012.CEL.gz;GSM1230072_CEL_284_4813_04_03_2012.CEL.gz;BL2;0,382;<0.001;basL;basL;NA;OUTLIER
HCC1806;Deszo14;GSM1230073_CEL_284_4814_04_03_2012.CEL.gz;GSM1230073_CEL_284_4814_04_03_2012.CEL.gz;BL2;0,341;<0.001;basL;basL;NA;OUTLIER
HCC1806;Deszo14;GSM1230074_CEL_284_4815_04_03_2012.CEL.gz;GSM1230074_CEL_284_4815_04_03_2012.CEL.gz;BL2;0,351;<0.001;basL;basL;NA;OUTLIER
SKBR3;Deszo14;GSM1230081_CEL_284_4822_04_03_2012.CEL.gz;GSM1230081_CEL_284_4822_04_03_2012.CEL.gz;LAR;0,242;<0.001;mApo;mApo;NA;OUTLIER
SKBR3;Deszo14;GSM1230082_CEL_284_4823_04_03_2012.CEL.gz;GSM1230082_CEL_284_4823_04_03_2012.CEL.gz;LAR;0,256;<0.001;mApo;mApo;NA;OUTLIER
SKBR3;Deszo14;GSM1230083_CEL_284_4824_04_03_2012.CEL.gz;GSM1230083_CEL_284_4824_04_03_2012.CEL.gz;LAR;0,256;<0.001;mApo;mApo;NA;OUTLIER
HCC2218;Deszo14;GSM1230090_CEL_284_4831_04_03_2012.CEL.gz;GSM1230090_CEL_284_4831_04_03_2012.CEL.gz;LAR;0,454;<0.001;lumB;lumB;NA;OUTLIER
HCC2218;Deszo14;GSM1230091_CEL_284_4832_04_03_2012.CEL.gz;GSM1230091_CEL_284_4832_04_03_2012.CEL.gz;LAR;0,444;<0.001;lumB;lumB;NA;OUTLIER
HCC2218;Deszo14;GSM1230092_CEL_284_4833_04_03_2012.CEL.gz;GSM1230092_CEL_284_4833_04_03_2012.CEL.gz;LAR;0,439;<0.001;lumB;lumB;NA;OUTLIER
BT474;Deszo14;GSM1230099_CEL_284_4840_04_03_2012.CEL.gz;GSM1230099_CEL_284_4840_04_03_2012.CEL.gz;ER positive;;;lumB;lumB;NA;OUTLIER
BT474;Deszo14;GSM1230100_CEL_284_4841_04_03_2012.CEL.gz;GSM1230100_CEL_284_4841_04_03_2012.CEL.gz;ER positive;;;lumB;lumB;NA;OUTLIER
BT474;Deszo14;GSM1230101_CEL_284_4842_04_03_2012_2.CEL.gz;GSM1230101_CEL_284_4842_04_03_2012_2.CEL.gz;ER positive;;;lumB;lumB;NA;OUTLIER
DU4475;Deszo14;GSM1230108_CEL_284_4849_04_03_2012.CEL.gz;GSM1230108_CEL_284_4849_04_03_2012.CEL.gz;UNS;NA;NA;basL;basL;NA;OUTLIER
DU4475;Deszo14;GSM1230109_CEL_284_4850_04_03_2012.CEL.gz;GSM1230109_CEL_284_4850_04_03_2012.CEL.gz;UNS;NA;NA;basL;basL;NA;OUTLIER
DU4475;Deszo14;GSM1230110_CEL_284_4851_04_03_2012.CEL.gz;GSM1230110_CEL_284_4851_04_03_2012.CEL.gz;UNS;NA;NA;basL;basL;NA;OUTLIER
HCC1937;Deszo14;GSM1230117_CEL_284_4858_04_03_2012.CEL.gz;GSM1230117_CEL_284_4858_04_03_2012.CEL.gz;BL2;0,229;0,007;basL;basL;NA;OUTLIER
HCC1937;Deszo14;GSM1230118_CEL_284_4859_04_03_2012.CEL.gz;GSM1230118_CEL_284_4859_04_03_2012.CEL.gz;BL2;0,24;0,006;basL;basL;NA;OUTLIER
HCC1937;Deszo14;GSM1230119_CEL_284_4860_04_03_2012.CEL.gz;GSM1230119_CEL_284_4860_04_03_2012.CEL.gz;BL2;0,253;0,009;basL;basL;NA;OUTLIER
HCC1143;Deszo14;GSM1230126_CEL_284_4867_04_03_2012.CEL.gz;GSM1230126_CEL_284_4867_04_03_2012.CEL.gz;BL1;0,236;<0.001;basL;basL;NA;OUTLIER
HCC1143;Deszo14;GSM1230127_CEL_284_4868_04_03_2012.CEL.gz;GSM1230127_CEL_284_4868_04_03_2012.CEL.gz;BL1;0,254;<0.001;basL;basL;NA;OUTLIER
MDAMB231;Deszo14;GSM1230134_CEL_284_4876_04_03_2012.CEL.gz;GSM1230134_CEL_284_4876_04_03_2012.CEL.gz;UNS;NA;NA;basL;basL;NA;OUTLIER
MDAMB231;Deszo14;GSM1230135_CEL_284_4877_04_03_2012.CEL.gz;GSM1230135_CEL_284_4877_04_03_2012.CEL.gz;MSL;0,168;0,018;basL;basL;NA;OUTLIER
MDAMB231;Deszo14;GSM1230136_CEL_284_4878_04_03_2012.CEL.gz;GSM1230136_CEL_284_4878_04_03_2012.CEL.gz;UNS;NA;NA;basL;basL;NA;OUTLIER
HCC38;Deszo14;GSM1230143_CEL_284_4885_04_03_2012.CEL.gz;GSM1230143_CEL_284_4885_04_03_2012.CEL.gz;M;0,318;<0.001;basL;basL;NA;OUTLIER
HCC38;Deszo14;GSM1230144_CEL_284_4886_04_03_2012.CEL.gz;GSM1230144_CEL_284_4886_04_03_2012.CEL.gz;M;0,329;<0.001;basL;basL;NA;OUTLIER
HCC38;Deszo14;GSM1230145_CEL_284_4887_04_03_2012.CEL.gz;GSM1230145_CEL_284_4887_04_03_2012.CEL.gz;M;0,27;<0.001;basL;basL;NA;OUTLIER
AU565;Deszo14;GSM1230152_CEL_284_4894_04_03_2012.CEL.gz;GSM1230152_CEL_284_4894_04_03_2012.CEL.gz;LAR;0,424;<0.001;mApo;mApo;NA;OUTLIER
AU565;Deszo14;GSM1230153_CEL_284_4895_04_03_2012.CEL.gz;GSM1230153_CEL_284_4895_04_03_2012.CEL.gz;LAR;0,414;<0.001;mApo;mApo;NA;OUTLIER
AU565;Deszo14;GSM1230154_CEL_284_4896_04_03_2012_2.CEL.gz;GSM1230154_CEL_284_4896_04_03_2012_2.CEL.gz;LAR;0,414;<0.001;mApo;mApo;NA;OUTLIER
UACC893;Deszo14;GSM1230161_CEL_284_4903_04_03_2012.CEL.gz;GSM1230161_CEL_284_4903_04_03_2012.CEL.gz;LAR;0,435;<0.001;mApo;mApo;NA;OUTLIER
UACC893;Deszo14;GSM1230162_CEL_284_4904_04_03_2012.CEL.gz;GSM1230162_CEL_284_4904_04_03_2012.CEL.gz;LAR;0,438;<0.001;mApo;mApo;NA;OUTLIER
UACC893;Deszo14;GSM1230163_CEL_284_4905_04_03_2012.CEL.gz;GSM1230163_CEL_284_4905_04_03_2012.CEL.gz;LAR;0,436;<0.001;mApo;mApo;NA;OUTLIER
MDAMB468;Deszo14;GSM1230170_CEL_284_4912_04_03_2012.CEL.gz;GSM1230170_CEL_284_4912_04_03_2012.CEL.gz;BL1;0,166;0,014;basL;basL;NA;OUTLIER
MDAMB468;Deszo14;GSM1230171_CEL_284_4913_04_03_2012.CEL.gz;GSM1230171_CEL_284_4913_04_03_2012.CEL.gz;BL1;0,171;0,008;basL;basL;NA;OUTLIER
MDAMB468;Deszo14;GSM1230172_CEL_284_4914_04_03_2012.CEL.gz;GSM1230172_CEL_284_4914_04_03_2012.CEL.gz;BL1;0,159;0,01;basL;basL;NA;OUTLIER
HCC1428;Deszo14;GSM1230179_CEL_284_4921_04_03_2012.CEL.gz;GSM1230179_CEL_284_4921_04_03_2012.CEL.gz;ER positive;;;lumB;lumB;NA;OUTLIER
HCC1428;Deszo14;GSM1230180_CEL_284_4922_04_03_2012.CEL.gz;GSM1230180_CEL_284_4922_04_03_2012.CEL.gz;ER positive;;;lumB;lumB;NA;OUTLIER
HCC1428;Deszo14;GSM1230181_CEL_284_4923_04_03_2012.CEL.gz;GSM1230181_CEL_284_4923_04_03_2012.CEL.gz;ER positive;;;lumB;lumB;NA;OUTLIER
MDAMB453;Deszo14;GSM1230188_CEL_284_4930_04_03_2012.CEL.gz;GSM1230188_CEL_284_4930_04_03_2012.CEL.gz;LAR;0,317;<0.001;mApo;mApo;NA;OUTLIER
MDAMB453;Deszo14;GSM1230189_CEL_284_4931_04_03_2012.CEL.gz;GSM1230189_CEL_284_4931_04_03_2012.CEL.gz;LAR;0,31;<0.001;mApo;mApo;NA;OUTLIER
MDAMB453;Deszo14;GSM1230190_CEL_284_4932_04_03_2012.CEL.gz;GSM1230190_CEL_284_4932_04_03_2012.CEL.gz;LAR;0,294;<0.001;mApo;mApo;NA;OUTLIER
HCC1419;Deszo14;GSM1230197_CEL_284_4939_04_03_2012.CEL.gz;GSM1230197_CEL_284_4939_04_03_2012.CEL.gz;ER positive;;;lumB;lumB;NA;OUTLIER
HCC1419;Deszo14;GSM1230198_CEL_284_4940_04_03_2012.CEL.gz;GSM1230198_CEL_284_4940_04_03_2012.CEL.gz;ER positive;;;lumB;lumB;NA;OUTLIER
HCC1419;Deszo14;GSM1230199_CEL_284_4941_04_03_2012.CEL.gz;GSM1230199_CEL_284_4941_04_03_2012.CEL.gz;ER positive;;;lumB;lumB;NA;OUTLIER
HCC1500;Deszo14;GSM1230206_CEL_284_4948_04_03_2012.CEL.gz;GSM1230206_CEL_284_4948_04_03_2012.CEL.gz;ER positive;;;lumB;lumB;NA;OUTLIER
HCC1500;Deszo14;GSM1230207_CEL_284_4949_04_03_2012.CEL.gz;GSM1230207_CEL_284_4949_04_03_2012.CEL.gz;ER positive;;;lumB;lumB;NA;OUTLIER
HCC1500;Deszo14;GSM1230208_CEL_284_4950_04_03_2012.CEL.gz;GSM1230208_CEL_284_4950_04_03_2012.CEL.gz;ER positive;;;lumB;lumB;NA;OUTLIER
HCC70;Deszo14;GSM1230215_CEL_284_4957_04_03_2012.CEL.gz;GSM1230215_CEL_284_4957_04_03_2012.CEL.gz;BL2;0,251;0,001;basL;basL;NA;OUTLIER
HCC70;Deszo14;GSM1230216_CEL_284_4958_04_03_2012.CEL.gz;GSM1230216_CEL_284_4958_04_03_2012.CEL.gz;BL2;0,266;0,003;basL;basL;NA;OUTLIER
HCC70;Deszo14;GSM1230217_CEL_284_4959_04_03_2012.CEL.gz;GSM1230217_CEL_284_4959_04_03_2012.CEL.gz;BL2;0,288;0,001;basL;basL;NA;OUTLIER
UACC812;Deszo14;GSM1230224_CEL_286_5005_04_30_2012.CEL.gz;GSM1230224_CEL_286_5005_04_30_2012.CEL.gz;ER positive;;;lumB;lumB;NA;OUTLIER
UACC812;Deszo14;GSM1230225_CEL_286_5006_04_30_2012.CEL.gz;GSM1230225_CEL_286_5006_04_30_2012.CEL.gz;ER positive;;;lumB;lumB;NA;OUTLIER
UACC812;Deszo14;GSM1230226_CEL_286_5007_04_30_2012.CEL.gz;GSM1230226_CEL_286_5007_04_30_2012.CEL.gz;ER positive;;;lumB;lumB;NA;OUTLIER
BT20;Krupp13;BT.20_SS331465_HG.U133_Plus_2_HCHP.182965_.CEL;BT-20_SS331465_HG-U133_Plus_2_HCHP-182965_.CEL;BL2;0,234;0,005;basL;basL;NA;OUTLIER
BT20;Krupp13;BT.20_SS331466_HG.U133_Plus_2_HCHP.182966_.CEL;BT-20_SS331466_HG-U133_Plus_2_HCHP-182966_.CEL;BL2;0,241;0,008;basL;basL;NA;OUTLIER
BT20;Krupp13;BT.20_SS331467_HG.U133_Plus_2_HCHP.182967_.CEL;BT-20_SS331467_HG-U133_Plus_2_HCHP-182967_.CEL;BL2;0,21;0,036;basL;basL;NA;OUTLIER
BT474;Krupp13;BT474_brst_SS117188_HG.U133_Plus_2_HCHP.85191_.CEL;BT474_brst_SS117188_HG-U133_Plus_2_HCHP-85191_.CEL;ER positive;;;lumB;lumB;NA;OUTLIER
BT474;Krupp13;BT474_brst_SS117189_HG.U133_Plus_2_HCHP.85192_.CEL;BT474_brst_SS117189_HG-U133_Plus_2_HCHP-85192_.CEL;ER positive;;;mApo;mApo;NA;OUTLIER
BT474;Krupp13;BT474_brst_SS117190_HG.U133_Plus_2_HCHP.85193_.CEL;BT474_brst_SS117190_HG-U133_Plus_2_HCHP-85193_.CEL;ER positive;;;mApo;mApo;NA;OUTLIER
DU4475;Krupp13;DU4475_SS331509_HG.U133_Plus_2_HCHP.172126_.CEL;DU4475_SS331509_HG-U133_Plus_2_HCHP-172126_.CEL;UNS;NA;NA;basL;basL;NA;OUTLIER
DU4475;Krupp13;DU4475_SS331510_HG.U133_Plus_2_HCHP.172127_.CEL;DU4475_SS331510_HG-U133_Plus_2_HCHP-172127_.CEL;UNS;NA;NA;basL;basL;NA;OUTLIER
DU4475;Krupp13;DU4475_SS331511_HG.U133_Plus_2_HCHP.172128_.CEL;DU4475_SS331511_HG-U133_Plus_2_HCHP-172128_.CEL;UNS;NA;NA;basL;basL;NA;OUTLIER
EFM19;Krupp13;EFM.19_SS335853_HG.U133_Plus_2_HCHP.172129_.CEL;EFM-19_SS335853_HG-U133_Plus_2_HCHP-172129_.CEL;ER positive;;;lumB;lumB;NA;OUTLIER
EFM19;Krupp13;EFM.19_SS335854_HG.U133_Plus_2_HCHP.172130_.CEL;EFM-19_SS335854_HG-U133_Plus_2_HCHP-172130_.CEL;ER positive;;;lumB;lumB;NA;OUTLIER
EFM19;Krupp13;EFM.19_SS335855_HG.U133_Plus_2_HCHP.172131_.CEL;EFM-19_SS335855_HG-U133_Plus_2_HCHP-172131_.CEL;ER positive;;;lumB;lumB;NA;OUTLIER
HCC1143;Krupp13;HCC1143_SS272501_HG.U133_Plus_2_HCHP.170301_.CEL;HCC1143_SS272501_HG-U133_Plus_2_HCHP-170301_.CEL;UNS;NA;NA;basL;basL;basL;CORE
HCC1143;Krupp13;HCC1143_SS272502_HG.U133_Plus_2_HCHP.170302_.CEL;HCC1143_SS272502_HG-U133_Plus_2_HCHP-170302_.CEL;UNS;NA;NA;basL;basL;basL;CORE
HCC1143;Krupp13;HCC1143_SS272503_HG.U133_Plus_2_HCHP.170303_.CEL;HCC1143_SS272503_HG-U133_Plus_2_HCHP-170303_.CEL;UNS;NA;NA;basL;basL;NA;OUTLIER
HCC1395;Krupp13;HCC1395_SS331377_HG.U133_Plus_2_HCHP.209551_.CEL;HCC1395_SS331377_HG-U133_Plus_2_HCHP-209551_.CEL;UNS;NA;NA;basL;basL;NA;OUTLIER
HCC1395;Krupp13;HCC1395_SS331378_HG.U133_Plus_2_HCHP.209552_.CEL;HCC1395_SS331378_HG-U133_Plus_2_HCHP-209552_.CEL;MSL;0,296;<0.001;basL;basL;NA;OUTLIER
HCC1395;Krupp13;HCC1395_SS331379_HG.U133_Plus_2_HCHP.209553_.CEL;HCC1395_SS331379_HG-U133_Plus_2_HCHP-209553_.CEL;MSL;0,323;<0.001;basL;basL;basL;CORE
HCC1599;Krupp13;HCC1599_SS331381_HG.U133_Plus_2_HCHP.172135_.CEL;HCC1599_SS331381_HG-U133_Plus_2_HCHP-172135_.CEL;BL1;0,479;<0.001;basL;basL;NA;OUTLIER
HCC1599;Krupp13;HCC1599_SS331382_HG.U133_Plus_2_HCHP.172136_.CEL;HCC1599_SS331382_HG-U133_Plus_2_HCHP-172136_.CEL;BL1;0,494;<0.001;basL;basL;NA;OUTLIER
HCC1599;Krupp13;HCC1599_SS331383_HG.U133_Plus_2_HCHP.172137_.CEL;HCC1599_SS331383_HG-U133_Plus_2_HCHP-172137_.CEL;BL1;0,459;<0.001;basL;basL;NA;OUTLIER
HCC1937;Krupp13;HCC1937_SS125587_HG.U133_Plus_2_HCHP.95936_.CEL;HCC1937_SS125587_HG-U133_Plus_2_HCHP-95936_.CEL;BL2;0,233;0,002;basL;basL;NA;OUTLIER
HCC1937;Krupp13;HCC1937_SS125588_HG.U133_Plus_2_HCHP.95937_.CEL;HCC1937_SS125588_HG-U133_Plus_2_HCHP-95937_.CEL;BL2;0,329;0,002;basL;basL;NA;OUTLIER
HCC1937;Krupp13;HCC1937_SS125589_HG.U133_Plus_2_HCHP.95938_.CEL;HCC1937_SS125589_HG-U133_Plus_2_HCHP-95938_.CEL;UNS;NA;NA;basL;basL;NA;OUTLIER
HCC1954;Krupp13;HCC1954_brst_SS110844_HG.U133_Plus_2_HCHP.74903_.CEL;HCC1954_brst_SS110844_HG-U133_Plus_2_HCHP-74903_.CEL;BL2;0,376;<0.001;mApo;mApo;NA;OUTLIER
HCC1954;Krupp13;HCC1954_brst_SS110845_HG.U133_Plus_2_HCHP.74905_.CEL;HCC1954_brst_SS110845_HG-U133_Plus_2_HCHP-74905_.CEL;UNS;NA;NA;mApo;mApo;NA;OUTLIER
HCC1954;Krupp13;HCC1954_brst_SS110846_HG.U133_Plus_2_HCHP.74904_.CEL;HCC1954_brst_SS110846_HG-U133_Plus_2_HCHP-74904_.CEL;BL2;0,345;<0.001;mApo;mApo;NA;OUTLIER
HCC2157;Krupp13;HCC2157_SS331385_HG.U133_Plus_2_HCHP.172138_.CEL;HCC2157_SS331385_HG-U133_Plus_2_HCHP-172138_.CEL;BL1;0,672;<0.001;basL;basL;NA;OUTLIER
HCC2157;Krupp13;HCC2157_SS331386_HG.U133_Plus_2_HCHP.172139_.CEL;HCC2157_SS331386_HG-U133_Plus_2_HCHP-172139_.CEL;BL1;0,63;<0.001;basL;basL;NA;OUTLIER
HCC2157;Krupp13;HCC2157_SS331387_HG.U133_Plus_2_HCHP.172140_.CEL;HCC2157_SS331387_HG-U133_Plus_2_HCHP-172140_.CEL;BL1;0,665;<0.001;basL;basL;NA;OUTLIER
HCC2218;Krupp13;HCC2218_SS272505_HG.U133_Plus_2_HCHP.182977_.CEL;HCC2218_SS272505_HG-U133_Plus_2_HCHP-182977_.CEL;LAR;0,448;<0.001;mApo;mApo;NA;OUTLIER
HCC2218;Krupp13;HCC2218_SS272506_HG.U133_Plus_2_HCHP.182978_.CEL;HCC2218_SS272506_HG-U133_Plus_2_HCHP-182978_.CEL;LAR;0,419;<0.001;mApo;mApo;NA;OUTLIER
HCC2218;Krupp13;HCC2218_SS272507_HG.U133_Plus_2_HCHP.182979_.CEL;HCC2218_SS272507_HG-U133_Plus_2_HCHP-182979_.CEL;LAR;0,431;<0.001;mApo;mApolumB;NA;MIXED
HCC38;Krupp13;HCC38_SS272509_HG.U133_Plus_2_HCHP.182980_.CEL;HCC38_SS272509_HG-U133_Plus_2_HCHP-182980_.CEL;M;0,368;<0.001;basL;basL;NA;OUTLIER
HCC38;Krupp13;HCC38_SS272510_HG.U133_Plus_2_HCHP.182981_.CEL;HCC38_SS272510_HG-U133_Plus_2_HCHP-182981_.CEL;M;0,377;<0.001;basL;basL;basL;CORE
HCC38;Krupp13;HCC38_SS272511_HG.U133_Plus_2_HCHP.182982_.CEL;HCC38_SS272511_HG-U133_Plus_2_HCHP-182982_.CEL;M;0,363;<0.001;basL;basL;basL;CORE
KPL1;Krupp13;KPL.1_SS335881_HG.U133_Plus_2_HCHP.172150_.CEL;KPL-1_SS335881_HG-U133_Plus_2_HCHP-172150_.CEL;ER positive;;;lumB;lumB;NA;OUTLIER
KPL1;Krupp13;KPL.1_SS335882_HG.U133_Plus_2_HCHP.172151_.CEL;KPL-1_SS335882_HG-U133_Plus_2_HCHP-172151_.CEL;ER positive;;;lumB;lumB;NA;OUTLIER
KPL1;Krupp13;KPL.1_SS335883_HG.U133_Plus_2_HCHP.172152_.CEL;KPL-1_SS335883_HG-U133_Plus_2_HCHP-172152_.CEL;ER positive;;;lumB;lumB;NA;OUTLIER
MCF7;Krupp13;MCF.7_ATCC_SS163761_HG.U133_Plus_2_HCHP.127703_.CEL;MCF-7_ATCC_SS163761_HG-U133_Plus_2_HCHP-127703_.CEL;ER positive;;;lumB;lumB;NA;OUTLIER
MCF7;Krupp13;MCF.7_ATCC_SS163762_HG.U133_Plus_2_HCHP.127704_.CEL;MCF-7_ATCC_SS163762_HG-U133_Plus_2_HCHP-127704_.CEL;ER positive;;;lumB;lumB;NA;OUTLIER
MCF7;Krupp13;MCF.7_ATCC_SS163763_HG.U133_Plus_2_HCHP.127705_.CEL;MCF-7_ATCC_SS163763_HG-U133_Plus_2_HCHP-127705_.CEL;ER positive;;;lumB;lumB;NA;OUTLIER
MDAMB175VII;Krupp13;MDA.MB.175.VII_SS331405_HG.U133_Plus_2_HCHP.209563_.CEL;MDA-MB-175-VII_SS331405_HG-U133_Plus_2_HCHP-209563_.CEL;ER positive;;;mApo;mApolumC;NA;MIXED
MDAMB175VII;Krupp13;MDA.MB.175.VII_SS331406_HG.U133_Plus_2_HCHP.209564_.CEL;MDA-MB-175-VII_SS331406_HG-U133_Plus_2_HCHP-209564_.CEL;MSL;0,353;<0.001;mApo;mApo;NA;OUTLIER
MDAMB175VII;Krupp13;MDA.MB.175.VII_SS331407_HG.U133_Plus_2_HCHP.209565_.CEL;MDA-MB-175-VII_SS331407_HG-U133_Plus_2_HCHP-209565_.CEL;ER positive;;;lumC;mApolumC;NA;MIXED
MDAMB453;Krupp13;MDA.MB.453_brst_SS110877_HG.U133_Plus_2_HCHP.63383_.CEL;MDA-MB-453_brst_SS110877_HG-U133_Plus_2_HCHP-63383_.CEL;LAR;0,424;<0.001;mApo;mApo;NA;OUTLIER
MDAMB453;Krupp13;MDA.MB.453_brst_SS110878_HG.U133_Plus_2_HCHP.63384_.CEL;MDA-MB-453_brst_SS110878_HG-U133_Plus_2_HCHP-63384_.CEL;LAR;0,43;<0.001;mApo;mApo;NA;OUTLIER
MDAMB453;Krupp13;MDA.MB.453_brst_SS110879_HG.U133_Plus_2_HCHP.63385_.CEL;MDA-MB-453_brst_SS110879_HG-U133_Plus_2_HCHP-63385_.CEL;LAR;0,429;<0.001;mApo;mApo;NA;OUTLIER
MT3;Krupp13;MT.3_SS335913_HG.U133_Plus_2_HCHP.172162_.CEL;MT-3_SS335913_HG-U133_Plus_2_HCHP-172162_.CEL;UNS;NA;NA;basL;basL;NA;OUTLIER
MT3;Krupp13;MT.3_SS335914_HG.U133_Plus_2_HCHP.172163_.CEL;MT-3_SS335914_HG-U133_Plus_2_HCHP-172163_.CEL;IM;0,147;0,005;basL;basL;NA;OUTLIER
MT3;Krupp13;MT.3_SS335915_HG.U133_Plus_2_HCHP.172164_.CEL;MT-3_SS335915_HG-U133_Plus_2_HCHP-172164_.CEL;UNS;NA;NA;basL;basL;NA;OUTLIER
UACC812;Krupp13;UACC.812_SS275825_HG.U133_Plus_2_HCHP.168808_.CEL;UACC-812_SS275825_HG-U133_Plus_2_HCHP-168808_.CEL;ER positive;;;lumB;lumB;NA;OUTLIER
UACC812;Krupp13;UACC.812_SS275826_HG.U133_Plus_2_HCHP.168809_.CEL;UACC-812_SS275826_HG-U133_Plus_2_HCHP-168809_.CEL;ER positive;;;lumB;lumB;NA;OUTLIER
UACC812;Krupp13;UACC.812_SS275827_HG.U133_Plus_2_HCHP.168810_.CEL;UACC-812_SS275827_HG-U133_Plus_2_HCHP-168810_.CEL;ER positive;;;lumB;lumB;NA;OUTLIER
UACC893;Krupp13;UACC.893_SS275829_HG.U133_Plus_2_HCHP.168811_.CEL;UACC-893_SS275829_HG-U133_Plus_2_HCHP-168811_.CEL;LAR;0,394;<0.001;mApo;mApo;NA;OUTLIER
UACC893;Krupp13;UACC.893_SS275830_HG.U133_Plus_2_HCHP.168812_.CEL;UACC-893_SS275830_HG-U133_Plus_2_HCHP-168812_.CEL;LAR;0,406;<0.001;mApo;mApo;NA;OUTLIER
UACC893;Krupp13;UACC.893_SS275831_HG.U133_Plus_2_HCHP.168813_.CEL;UACC-893_SS275831_HG-U133_Plus_2_HCHP-168813_.CEL;LAR;0,41;<0.001;mApo;mApo;NA;OUTLIER
BT549;Lehmann11;GSM275974.cel.gz;GSM275974.cel.gz;M;0,2;<0.001;basL;basL;NA;OUTLIER
CAL851;Lehmann11;GSM275975.cel.gz;GSM275975.cel.gz;BL2;0,35;<0.001;basL;basL;NA;OUTLIER
MDA175;Lehmann11;GSM275976.cel.gz;GSM275976.cel.gz;LAR;0,469;<0.001;lumB;lumB;NA;OUTLIER
HS578T;Lehmann11;GSM275977.cel.gz;GSM275977.cel.gz;MSL;0,335;<0.001;basL;basL;NA;OUTLIER
MCF7;Lehmann11;GSM275978.cel.gz;GSM275978.cel.gz;ER positive;;;lumB;lumB;NA;OUTLIER
BT483;Lehmann11;GSM275979.cel.gz;GSM275979.cel.gz;ER positive;;;lumB;lumB;NA;OUTLIER
EFM192A;Lehmann11;GSM275980.cel.gz;GSM275980.cel.gz;LAR;0,288;<0.001;lumB;lumB;NA;OUTLIER
KPL1;Lehmann11;GSM275981.cel.gz;GSM275981.cel.gz;ER positive;;;lumB;lumB;NA;OUTLIER
KPL1;Lehmann11;GSM275982.cel.gz;GSM275982.cel.gz;ER positive;;;lumB;lumB;NA;OUTLIER
SKBR3;Lehmann11;GSM275983.cel.gz;GSM275983.cel.gz;LAR;0,382;<0.001;mApo;mApo;NA;OUTLIER
CAL51;Lehmann11;GSM275984.cel.gz;GSM275984.cel.gz;M;0,281;<0.001;basL;basL;NA;OUTLIER
CAL51;Lehmann11;GSM275985.cel.gz;GSM275985.cel.gz;M;0,253;<0.001;basL;basL;NA;OUTLIER
MDA436;Lehmann11;GSM275986.cel.gz;GSM275986.cel.gz;MSL;0,152;0,008;basL;basL;NA;OUTLIER
CAL120;Lehmann11;GSM275987.cel.gz;GSM275987.cel.gz;M;0,199;<0.001;basL;basL;NA;OUTLIER
MDA435;Lehmann11;GSM275988.cel.gz;GSM275988.cel.gz;BL1;0,13;0,005;basL;basL;NA;OUTLIER
MDA435;Lehmann11;GSM275989.cel.gz;GSM275989.cel.gz;BL1;0,113;0,015;basL;basL;NA;OUTLIER
EVSA1;Lehmann11;GSM275990.cel.gz;GSM275990.cel.gz;LAR;0,388;<0.001;mApo;mApo;NA;OUTLIER
T47D;Lehmann11;GSM275991.cel.gz;GSM275991.cel.gz;ER positive;;;lumB;lumB;NA;OUTLIER
T47D;Lehmann11;GSM275992.cel.gz;GSM275992.cel.gz;ER positive;;;lumB;lumB;NA;OUTLIER
MDA231;Lehmann11;GSM275993.cel.gz;GSM275993.cel.gz;UNS;NA;NA;basL;basL;NA;OUTLIER
MDA468;Lehmann11;GSM275994.cel.gz;GSM275994.cel.gz;UNS;NA;NA;basL;basL;NA;OUTLIER
MCF10A;Lehmann11;GSM275995.cel.gz;GSM275995.cel.gz;BL2;0,449;<0.001;basL;basL;NA;OUTLIER
MCF10A;Lehmann11;GSM275996.cel.gz;GSM275996.cel.gz;BL2;0,379;<0.001;basL;basL;NA;OUTLIER
HCC1937;Lehmann11;GSM275997.cel.gz;GSM275997.cel.gz;UNS;NA;NA;basL;basL;NA;OUTLIER
MDA361;Lehmann11;GSM275998.cel.gz;GSM275998.cel.gz;ER positive;;;lumB;lumB;NA;OUTLIER
MT3;Lehmann11;GSM275999.cel.gz;GSM275999.cel.gz;IM;0,12;0,045;basL;basL;NA;OUTLIER
BT474EI;Lehmann11;GSM276000.cel.gz;GSM276000.cel.gz;ER positive;;;lumB;lumB;NA;OUTLIER
BT474EI;Lehmann11;GSM276001.cel.gz;GSM276001.cel.gz;ER positive;;;lumB;lumB;NA;OUTLIER
BT474EI;Lehmann11;GSM276002.cel.gz;GSM276002.cel.gz;ER positive;;;lumB;lumB;NA;OUTLIER
MDAMB453;Lehmann11;GSM276003.cel.gz;GSM276003.cel.gz;LAR;0,503;<0.001;mApo;mApolumB;NA;MIXED
BT474;Lehmann11;GSM276004.cel.gz;GSM276004.cel.gz;ER positive;;;lumB;lumB;NA;OUTLIER
AU565;Lehmann11;GSM276005.cel.gz;GSM276005.cel.gz;LAR;0,367;<0.001;mApo;mApo;NA;OUTLIER
DU4475;Lehmann11;GSM276006.cel.gz;GSM276006.cel.gz;IM;0,136;0,002;basL;basL;NA;OUTLIER
MDAMB415;Lehmann11;GSM276007.cel.gz;GSM276007.cel.gz;ER positive;;;lumB;lumB;NA;OUTLIER
ZR751;Lehmann11;GSM276008.cel.gz;GSM276008.cel.gz;ER positive;;;lumB;lumB;NA;OUTLIER
MDAMB468;Lehmann11;GSM276009.cel.gz;GSM276009.cel.gz;BL2;0,304;<0.001;basL;basL;NA;OUTLIER
EFM19;Lehmann11;GSM276010.cel.gz;GSM276010.cel.gz;ER positive;;;lumB;lumB;NA;OUTLIER
CAMA1;Lehmann11;GSM276011.cel.gz;GSM276011.cel.gz;ER positive;;;lumB;lumB;NA;OUTLIER
HCC1419;Lehmann11;GSM276012.cel.gz;GSM276012.cel.gz;ER positive;;;lumB;lumB;NA;OUTLIER
HCC70;Lehmann11;GSM276013.cel.gz;GSM276013.cel.gz;BL2;0,313;0,003;basL;basL;NA;OUTLIER
BT5491;Lehmann11;GSM276014.cel.gz;GSM276014.cel.gz;M;0,214;<0.001;basL;basL;NA;OUTLIER
SKBR31;Lehmann11;GSM276015.cel.gz;GSM276015.cel.gz;LAR;0,385;<0.001;mApo;mApo;NA;OUTLIER
T47D1;Lehmann11;GSM276016.cel.gz;GSM276016.cel.gz;ER positive;;;lumB;lumB;NA;OUTLIER
CAL1201;Lehmann11;GSM276017.cel.gz;GSM276017.cel.gz;M;0,255;<0.001;basL;basL;NA;OUTLIER
HCC1428;Lehmann11;GSM276018.cel.gz;GSM276018.cel.gz;ER positive;;;lumB;lumB;NA;OUTLIER
HCC1954;Lehmann11;GSM276019.cel.gz;GSM276019.cel.gz;BL2;0,374;<0.001;mApo;mApo;NA;OUTLIER
HCC2218;Lehmann11;GSM276020.cel.gz;GSM276020.cel.gz;LAR;0,388;<0.001;lumB;lumB;NA;OUTLIER
HCC1500;Lehmann11;GSM276021.cel.gz;GSM276021.cel.gz;ER positive;;;lumB;lumB;NA;OUTLIER
HCC1395;Lehmann11;GSM276022.cel.gz;GSM276022.cel.gz;UNS;NA;NA;basL;basL;NA;OUTLIER
HCC1143;Lehmann11;GSM276023.cel.gz;GSM276023.cel.gz;BL1;0,252;0,001;basL;basL;NA;OUTLIER
HDQP1;Lehmann11;GSM276024.cel.gz;GSM276024.cel.gz;BL2;0,298;<0.001;basL;basL;NA;OUTLIER
ZR75;Lehmann11;GSM276025.cel.gz;GSM276025.cel.gz;ER positive;;;lumB;lumB;NA;OUTLIER
MFM223;Lehmann11;GSM276026.cel.gz;GSM276026.cel.gz;LAR;0,209;<0.001;lumB;lumB;NA;OUTLIER
HCC1569;Lehmann11;GSM276027.cel.gz;GSM276027.cel.gz;BL1;0,512;<0.001;basL;basL;NA;OUTLIER
HCC38;Lehmann11;GSM276028.cel.gz;GSM276028.cel.gz;M;0,306;<0.001;basL;basL;NA;OUTLIER
HCC1806;Lehmann11;GSM276029.cel.gz;GSM276029.cel.gz;BL2;0,278;<0.001;basL;basL;NA;OUTLIER
CAL148;Lehmann11;GSM276030.cel.gz;GSM276030.cel.gz;LAR;0,233;<0.001;mApo;mApo;NA;OUTLIER
JIMT1;Lehmann11;GSM276031.cel.gz;GSM276031.cel.gz;BL2;0,211;0,011;basL;basL;NA;OUTLIER
UACC812;Lehmann11;GSM276032.cel.gz;GSM276032.cel.gz;ER positive;;;lumB;lumB;NA;OUTLIER
UACC893;Lehmann11;GSM276033.cel.gz;GSM276033.cel.gz;LAR;0,378;<0.001;mApo;mApo;NA;OUTLIER
BT474.tb;Lehmann11;GSM276034.cel.gz;GSM276034.cel.gz;ER positive;;;lumB;lumBC;NA;MIXED
MDAMB361.1;Lehmann11;GSM276035.cel.gz;GSM276035.cel.gz;ER positive;;;lumB;lumB;NA;OUTLIER
SW527;Lehmann11;GSM276036.cel.gz;GSM276036.cel.gz;UNS;NA;NA;basL;basL;NA;OUTLIER
184A1;Pfizer;GSM843436_184A1_1_PFIZER.CEL.gz;GSM843436_184A1_1_PFIZER.CEL.gz;BL2;0,318;<0.001;mApo;mApolumC;NA;MIXED
AU565;Pfizer;GSM843441_AU565_1_Good_BREAST_WYETH.CEL.gz;GSM843441_AU565_1_Good_BREAST_WYETH.CEL.gz;LAR;0,35;<0.001;mApo;mApo;NA;OUTLIER
AU565;Pfizer;GSM843442_AU565_2_Good_BREAST_WYETH.CEL.gz;GSM843442_AU565_2_Good_BREAST_WYETH.CEL.gz;LAR;0,335;<0.001;mApo;mApo;NA;OUTLIER
BT20;Pfizer;GSM843445_BT20_1_Good_BREAST_WYETH.CEL.gz;GSM843445_BT20_1_Good_BREAST_WYETH.CEL.gz;BL2;0,182;0,005;basL;basL;NA;OUTLIER
BT20;Pfizer;GSM843446_BT20_2_Good_BREAST_WYETH.CEL.gz;GSM843446_BT20_2_Good_BREAST_WYETH.CEL.gz;BL2;0,194;0,007;basL;basL;NA;OUTLIER
BT474;Pfizer;GSM843476_BT474_2_Good_BREAST_WYETH.CEL.gz;GSM843476_BT474_2_Good_BREAST_WYETH.CEL.gz;ER positive;;;mApo;mApo;NA;OUTLIER
BT549;Pfizer;GSM843477_BT549_1_Good_BREAST_WYETH.CEL.gz;GSM843477_BT549_1_Good_BREAST_WYETH.CEL.gz;UNS;NA;NA;basL;basL;NA;OUTLIER
BT549;Pfizer;GSM843478_BT549_2_Good_BREAST_WYETH.CEL.gz;GSM843478_BT549_2_Good_BREAST_WYETH.CEL.gz;UNS;NA;NA;basL;basL;NA;OUTLIER
BT549;Pfizer;GSM843479_BT549_2_Good_NCI50_WYETH.CEL.gz;GSM843479_BT549_2_Good_NCI50_WYETH.CEL.gz;M;0,138;<0.001;basL;basL;NA;OUTLIER
BT549;Pfizer;GSM843480_BT549_1_PFIZER.CEL.gz;GSM843480_BT549_1_PFIZER.CEL.gz;MSL;0,295;<0.001;basL;basL;NA;OUTLIER
CAL120;Pfizer;GSM843483_CAL120_1_Good_BREAST_WYETH.CEL.gz;GSM843483_CAL120_1_Good_BREAST_WYETH.CEL.gz;M;0,254;<0.001;basL;basL;NA;OUTLIER
CAL851;Pfizer;GSM843484_CAL851_1_Good_BREAST_WYETH.CEL.gz;GSM843484_CAL851_1_Good_BREAST_WYETH.CEL.gz;BL2;0,292;0,003;basL;basL;NA;OUTLIER
CAL851;Pfizer;GSM843485_CAL851_2_Good_BREAST_WYETH.CEL.gz;GSM843485_CAL851_2_Good_BREAST_WYETH.CEL.gz;BL2;0,296;<0.001;basL;basL;NA;OUTLIER
CAMA1;Pfizer;GSM843488_CAMA1_1_Good_BREAST_WYETH.CEL.gz;GSM843488_CAMA1_1_Good_BREAST_WYETH.CEL.gz;ER positive;;;lumB;lumB;NA;OUTLIER
CAMA1;Pfizer;GSM843489_CAMA1_2_Good_BREAST_WYETH.CEL.gz;GSM843489_CAMA1_2_Good_BREAST_WYETH.CEL.gz;ER positive;;;lumB;lumB;NA;OUTLIER
COLO824;Pfizer;GSM843492_COLO824_1_Good_BREAST_WYETH.CEL.gz;GSM843492_COLO824_1_Good_BREAST_WYETH.CEL.gz;BL1;0,537;<0.001;basL;basL;NA;OUTLIER
COLO824;Pfizer;GSM843493_COLO824_2_Good_BREAST_WYETH.CEL.gz;GSM843493_COLO824_2_Good_BREAST_WYETH.CEL.gz;BL1;0,523;<0.001;basL;basL;NA;OUTLIER
EFM19;Pfizer;GSM843497_EFM19_2_Good_BREAST_WYETH.CEL.gz;GSM843497_EFM19_2_Good_BREAST_WYETH.CEL.gz;ER positive;;;lumB;lumB;NA;OUTLIER
EFM192A;Pfizer;GSM843498_EFM192A_2_Good_BREAST_WYETH.CEL.gz;GSM843498_EFM192A_2_Good_BREAST_WYETH.CEL.gz;ER positive;;;lumB;lumB;NA;OUTLIER
EVSA;Pfizer;GSM843500_EVSA_1_Good_BREAST_WYETH.CEL.gz;GSM843500_EVSA_1_Good_BREAST_WYETH.CEL.gz;LAR;0,418;<0.001;mApo;mApo;NA;OUTLIER
EVSA;Pfizer;GSM843501_EVSA_2_Good_BREAST_WYETH.CEL.gz;GSM843501_EVSA_2_Good_BREAST_WYETH.CEL.gz;LAR;0,406;<0.001;mApo;mApo;NA;OUTLIER
HCC38;Pfizer;GSM844013_HCC38_2_Good_BREAST_WYETH.CEL.gz;GSM844013_HCC38_2_Good_BREAST_WYETH.CEL.gz;M;0,162;0,001;basL;basL;NA;OUTLIER
HCC70;Pfizer;GSM844014_HCC70_1_Good_BREAST_WYETH.CEL.gz;GSM844014_HCC70_1_Good_BREAST_WYETH.CEL.gz;BL2;0,378;<0.001;basL;basL;NA;OUTLIER
HCC70;Pfizer;GSM844015_HCC70_2_Good_BREAST_WYETH.CEL.gz;GSM844015_HCC70_2_Good_BREAST_WYETH.CEL.gz;BL2;0,421;<0.001;basL;basL;NA;OUTLIER
HCC202;Pfizer;GSM844089_HCC202_2_Good_BREAST_WYETH.CEL.gz;GSM844089_HCC202_2_Good_BREAST_WYETH.CEL.gz;LAR;0,379;<0.001;mApo;mApo;NA;OUTLIER
HCC1143;Pfizer;GSM844541_HCC1143_2_Good_BREAST_WYETH.CEL.gz;GSM844541_HCC1143_2_Good_BREAST_WYETH.CEL.gz;BL2;0,223;0,008;basL;basL;NA;OUTLIER
HCC1187;Pfizer;GSM844542_HCC1187_1_PFIZER.CEL.gz;GSM844542_HCC1187_1_PFIZER.CEL.gz;IM;0,2;<0.001;basL;basL;NA;OUTLIER
HCC1395;Pfizer;GSM844543_HCC1395_2_Good_BREAST_WYETH.CEL.gz;GSM844543_HCC1395_2_Good_BREAST_WYETH.CEL.gz;M;0,228;0,027;basL;basL;NA;OUTLIER
HCC1419;Pfizer;GSM844544_HCC1419_1_PFIZER.CEL.gz;GSM844544_HCC1419_1_PFIZER.CEL.gz;ER positive;;;lumB;lumB;NA;OUTLIER
HCC1569;Pfizer;GSM844545_HCC1569_1_Good_BREAST_WYETH.CEL.gz;GSM844545_HCC1569_1_Good_BREAST_WYETH.CEL.gz;BL1;0,456;<0.001;basL;basL;NA;OUTLIER
HCC1806;Pfizer;GSM844546_HCC1806_1_PFIZER.CEL.gz;GSM844546_HCC1806_1_PFIZER.CEL.gz;BL2;0,246;<0.001;basL;basL;NA;OUTLIER
HCC1806;Pfizer;GSM844547_HCC1806_2_Good_BREAST_WYETH.CEL.gz;GSM844547_HCC1806_2_Good_BREAST_WYETH.CEL.gz;BL2;0,348;<0.001;basL;basL;NA;OUTLIER
HCC2218;Pfizer;GSM844548_HCC2218_2_Good_BREAST_WYETH.CEL.gz;GSM844548_HCC2218_2_Good_BREAST_WYETH.CEL.gz;LAR;0,448;<0.001;lumB;lumB;NA;OUTLIER
HS578T;Pfizer;GSM844563_HS578T_1_Good_BREAST_WYETH.CEL.gz;GSM844563_HS578T_1_Good_BREAST_WYETH.CEL.gz;MSL;0,3;<0.001;basL;basL;NA;OUTLIER
HS578T;Pfizer;GSM844564_HS578T_1_Good_NCI50_WYETH.CEL.gz;GSM844564_HS578T_1_Good_NCI50_WYETH.CEL.gz;MSL;0,296;<0.001;basL;basL;NA;OUTLIER
HS578T;Pfizer;GSM844565_HS578T_1_PFIZER.CEL.gz;GSM844565_HS578T_1_PFIZER.CEL.gz;MSL;0,354;<0.001;basL;basL;NA;OUTLIER
MCF10A;Pfizer;GSM844584_MCF10A_1_PFIZER.CEL.gz;GSM844584_MCF10A_1_PFIZER.CEL.gz;UNS;NA;NA;mApo;mApo;NA;OUTLIER
MCF12A;Pfizer;GSM844585_MCF12A_1_PFIZER.CEL.gz;GSM844585_MCF12A_1_PFIZER.CEL.gz;BL2;0,331;<0.001;basL;basL;NA;OUTLIER
MCF7;Pfizer;GSM844586_MCF7_1_Good_BREAST_WYETH.CEL.gz;GSM844586_MCF7_1_Good_BREAST_WYETH.CEL.gz;ER positive;;;lumB;lumB;NA;OUTLIER
MCF7;Pfizer;GSM844587_MCF7_2_Good_BREAST_WYETH.CEL.gz;GSM844587_MCF7_2_Good_BREAST_WYETH.CEL.gz;ER positive;;;lumB;lumB;NA;OUTLIER
MDA435;Pfizer;GSM844589_MDA435_1_Good_NCI50_WYETH.CEL.gz;GSM844589_MDA435_1_Good_NCI50_WYETH.CEL.gz;BL1;0,172;0,004;basL;basL;NA;OUTLIER
MDA435;Pfizer;GSM844590_MDA435_2_Good_NCI50_WYETH.CEL.gz;GSM844590_MDA435_2_Good_NCI50_WYETH.CEL.gz;BL1;0,171;0,001;basL;basL;NA;OUTLIER
MDAMB157;Pfizer;GSM844591_MDAMB157_1_Good_BREAST_WYETH.CEL.gz;GSM844591_MDAMB157_1_Good_BREAST_WYETH.CEL.gz;MSL;0,219;<0.001;basL;basL;NA;OUTLIER
MDAMB175;Pfizer;GSM844592_MDAMB175_1_Good_BREAST_WYETH.CEL.gz;GSM844592_MDAMB175_1_Good_BREAST_WYETH.CEL.gz;ER positive;;;lumB;lumB;NA;OUTLIER
MDAMB175;Pfizer;GSM844593_MDAMB175_2_Good_BREAST_WYETH.CEL.gz;GSM844593_MDAMB175_2_Good_BREAST_WYETH.CEL.gz;ER positive;;;lumB;lumB;NA;OUTLIER
MDAMB231;Pfizer;GSM844594_MDAMB231_2_Good_BREAST_WYETH.CEL.gz;GSM844594_MDAMB231_2_Good_BREAST_WYETH.CEL.gz;BL2;0,224;0,001;basL;basL;NA;OUTLIER
MDAMB231;Pfizer;GSM844595_MDAMB231_2_Good_NCI50_WYETH.CEL.gz;GSM844595_MDAMB231_2_Good_NCI50_WYETH.CEL.gz;IM;0,207;<0.001;basL;basL;NA;OUTLIER
MDAMB415;Pfizer;GSM844596_MDAMB415_1_Good_BREAST_WYETH.CEL.gz;GSM844596_MDAMB415_1_Good_BREAST_WYETH.CEL.gz;BL2;0,298;<0.001;basL;basL;NA;OUTLIER
MDAMB415;Pfizer;GSM844597_MDAMB415_2_Good_BREAST_WYETH.CEL.gz;GSM844597_MDAMB415_2_Good_BREAST_WYETH.CEL.gz;ER positive;;;lumB;lumB;NA;OUTLIER
MDAMB415;Pfizer;GSM844598_MDAMB415_3_Good_BREAST_WYETH.CEL.gz;GSM844598_MDAMB415_3_Good_BREAST_WYETH.CEL.gz;ER positive;;;lumB;lumB;NA;OUTLIER
MDAMB415;Pfizer;GSM844599_MDAMB415_4_Good_BREAST_WYETH.CEL.gz;GSM844599_MDAMB415_4_Good_BREAST_WYETH.CEL.gz;BL2;0,283;<0.001;basL;basL;NA;OUTLIER
MDAMB436;Pfizer;GSM844600_MDAMB436_1_Good_BREAST_WYETH.CEL.gz;GSM844600_MDAMB436_1_Good_BREAST_WYETH.CEL.gz;UNS;NA;NA;basL;basL;NA;OUTLIER
MDAMB436;Pfizer;GSM844601_MDAMB436_2_Good_BREAST_WYETH.CEL.gz;GSM844601_MDAMB436_2_Good_BREAST_WYETH.CEL.gz;UNS;NA;NA;basL;basL;NA;OUTLIER
MDAMB453;Pfizer;GSM844602_MDAMB453_2_Good_BREAST_WYETH.CEL.gz;GSM844602_MDAMB453_2_Good_BREAST_WYETH.CEL.gz;LAR;0,474;<0.001;mApo;mApo;NA;OUTLIER
MT3;Pfizer;GSM844610_MT3_2_Good_BREAST_WYETH.CEL.gz;GSM844610_MT3_2_Good_BREAST_WYETH.CEL.gz;LAR;0,128;<0.001;basL;basL;NA;OUTLIER
MX1;Pfizer;GSM844611_MX1_1_Good_BREAST_WYETH.CEL.gz;GSM844611_MX1_1_Good_BREAST_WYETH.CEL.gz;BL1;0,499;<0.001;basL;basL;NA;OUTLIER
MX1;Pfizer;GSM844612_MX1_1_PFIZER.CEL.gz;GSM844612_MX1_1_PFIZER.CEL.gz;BL1;0,565;<0.001;basL;basL;NA;OUTLIER
MX1;Pfizer;GSM844613_MX1_2_Good_BREAST_WYETH.CEL.gz;GSM844613_MX1_2_Good_BREAST_WYETH.CEL.gz;BL1;0,527;<0.001;basL;basL;NA;OUTLIER
SKBR3;Pfizer;GSM844686_SKBR3_1_Good_BREAST_WYETH.CEL.gz;GSM844686_SKBR3_1_Good_BREAST_WYETH.CEL.gz;LAR;0,304;<0.001;mApo;mApo;NA;OUTLIER
SKBR3;Pfizer;GSM844687_SKBR3_3_Good_BREAST_WYETH.CEL.gz;GSM844687_SKBR3_3_Good_BREAST_WYETH.CEL.gz;LAR;0,261;<0.001;mApo;mApo;NA;OUTLIER
SUM149PT;Pfizer;GSM844705_SUM149PT_1_Good_BREAST_WYETH.CEL.gz;GSM844705_SUM149PT_1_Good_BREAST_WYETH.CEL.gz;BL2;0,364;<0.001;basL;basL;NA;OUTLIER
SUM159PT;Pfizer;GSM844706_SUM159PT_1_Medium_BREAST_WYETH.CEL.gz;GSM844706_SUM159PT_1_Medium_BREAST_WYETH.CEL.gz;UNS;NA;NA;basL;basL;NA;OUTLIER
SUM159PT;Pfizer;GSM844707_SUM159PT_2_Good_BREAST_WYETH.CEL.gz;GSM844707_SUM159PT_2_Good_BREAST_WYETH.CEL.gz;UNS;NA;NA;basL;basL;NA;OUTLIER
SUM185PE;Pfizer;GSM844708_SUM185PE_2_Good_BREAST_WYETH.CEL.gz;GSM844708_SUM185PE_2_Good_BREAST_WYETH.CEL.gz;LAR;0,361;<0.001;mApo;mApolumB;NA;MIXED
SUM225CWN;Pfizer;GSM844709_SUM225CWN_1_Good_BREAST_WYETH.CEL.gz;GSM844709_SUM225CWN_1_Good_BREAST_WYETH.CEL.gz;LAR;0,407;<0.001;mApo;mApo;NA;OUTLIER
SUM225CWN;Pfizer;GSM844710_SUM225CWN_2_Good_BREAST_WYETH.CEL.gz;GSM844710_SUM225CWN_2_Good_BREAST_WYETH.CEL.gz;LAR;0,407;<0.001;mApo;mApo;NA;OUTLIER
SUM52PE;Pfizer;GSM844711_SUM52PE_1_Good_BREAST_WYETH.CEL.gz;GSM844711_SUM52PE_1_Good_BREAST_WYETH.CEL.gz;LAR;0,416;<0.001;mApo;mApo;NA;OUTLIER
SUM52PE;Pfizer;GSM844712_SUM52PE_2_Good_BREAST_WYETH.CEL.gz;GSM844712_SUM52PE_2_Good_BREAST_WYETH.CEL.gz;LAR;0,396;<0.001;mApo;mApo;NA;OUTLIER
T47D;Pfizer;GSM844714_T47D_1_Good_NCI50_WYETH.CEL.gz;GSM844714_T47D_1_Good_NCI50_WYETH.CEL.gz;ER positive;;;lumB;lumB;NA;OUTLIER
T47D;Pfizer;GSM844715_T47D_2_Good_BREAST_WYETH.CEL.gz;GSM844715_T47D_2_Good_BREAST_WYETH.CEL.gz;ER positive;;;lumB;lumB;NA;OUTLIER
T47D;Pfizer;GSM844716_T47D_2_Good_NCI50_WYETH.CEL.gz;GSM844716_T47D_2_Good_NCI50_WYETH.CEL.gz;ER positive;;;lumB;lumB;NA;OUTLIER
UACC812;Pfizer;GSM844723_UACC812_1_Good_BREAST_WYETH.CEL.gz;GSM844723_UACC812_1_Good_BREAST_WYETH.CEL.gz;ER positive;;;lumB;lumB;NA;OUTLIER
ZR751;Pfizer;GSM844725_ZR751_2_Good_BREAST_WYETH.CEL.gz;GSM844725_ZR751_2_Good_BREAST_WYETH.CEL.gz;ER positive;;;lumB;lumB;NA;OUTLIER
ZR7530;Pfizer;GSM844726_ZR7530_1_PFIZER.CEL.gz;GSM844726_ZR7530_1_PFIZER.CEL.gz;ER positive;;;lumB;lumB;NA;OUTLIER
ZR7530;Pfizer;GSM844727_ZR7530_2_Good_BREAST_WYETH.CEL.gz;GSM844727_ZR7530_2_Good_BREAST_WYETH.CEL.gz;ER positive;;;lumB;lumB;NA;OUTLIER